state,driver_race,pre_legalization,quarter,search_rate
AZ,white,FALSE,2013-02-15,0.03234991695009096
AZ,white,FALSE,2013-05-15,0.033454576213838606
AZ,white,FALSE,2013-08-15,0.03325538737275439
AZ,white,FALSE,2013-11-15,0.03183015699385274
AZ,white,FALSE,2014-02-15,0.030484682727011603
AZ,white,FALSE,2014-05-15,0.03366799614908541
AZ,white,FALSE,2014-08-15,0.031222401869539815
AZ,white,FALSE,2014-11-15,0.033238577477717565
AZ,white,FALSE,2015-02-15,0.034934557291311986
AZ,white,FALSE,2015-05-15,0.031616786035238695
AZ,white,FALSE,2015-08-15,0.02908420038797021
AZ,white,FALSE,2015-11-15,0.03326198321267948
AZ,white,TRUE,2011-02-15,0.04751707963699398
AZ,white,TRUE,2011-05-15,0.04020442930153322
AZ,white,TRUE,2011-08-15,0.034673287504126064
AZ,white,TRUE,2011-11-15,0.03511190195734443
AZ,white,TRUE,2012-02-15,0.03311019451394054
AZ,white,TRUE,2012-05-15,0.03128223581624085
AZ,white,TRUE,2012-08-15,0.031398680270168663
AZ,black,FALSE,2013-02-15,0.08343446601941748
AZ,black,FALSE,2013-05-15,0.07692307692307693
AZ,black,FALSE,2013-08-15,0.06786190546747667
AZ,black,FALSE,2013-11-15,0.0729415784079262
AZ,black,FALSE,2014-02-15,0.07784090909090909
AZ,black,FALSE,2014-05-15,0.07257250036069832
AZ,black,FALSE,2014-08-15,0.07580449710515685
AZ,black,FALSE,2014-11-15,0.07768446310737852
AZ,black,FALSE,2015-02-15,0.0777283433656111
AZ,black,FALSE,2015-05-15,0.07518248175182482
AZ,black,FALSE,2015-08-15,0.0651884163334545
AZ,black,FALSE,2015-11-15,0.08394664213431463
AZ,black,TRUE,2011-02-15,0.10159362549800798
AZ,black,TRUE,2011-05-15,0.08753943217665615
AZ,black,TRUE,2011-08-15,0.06958762886597938
AZ,black,TRUE,2011-11-15,0.07668761076204285
AZ,black,TRUE,2012-02-15,0.08229356511986541
AZ,black,TRUE,2012-05-15,0.06963827969239533
AZ,black,TRUE,2012-08-15,0.06607039815349106
AZ,hispanic,FALSE,2013-02-15,0.07530090520242713
AZ,hispanic,FALSE,2013-05-15,0.07822985897228076
AZ,hispanic,FALSE,2013-08-15,0.07064206191856032
AZ,hispanic,FALSE,2013-11-15,0.06713920771417263
AZ,hispanic,FALSE,2014-02-15,0.06732138187523608
AZ,hispanic,FALSE,2014-05-15,0.06905581097950857
AZ,hispanic,FALSE,2014-08-15,0.07171126469372083
AZ,hispanic,FALSE,2014-11-15,0.07399021011621325
AZ,hispanic,FALSE,2015-02-15,0.07394474055014397
AZ,hispanic,FALSE,2015-05-15,0.06830760267987183
AZ,hispanic,FALSE,2015-08-15,0.06209305574961576
AZ,hispanic,FALSE,2015-11-15,0.07619394823186293
AZ,hispanic,TRUE,2011-02-15,0.1312200516033911
AZ,hispanic,TRUE,2011-05-15,0.10510651629072681
AZ,hispanic,TRUE,2011-08-15,0.08087258231212166
AZ,hispanic,TRUE,2011-11-15,0.08082186985893801
AZ,hispanic,TRUE,2012-02-15,0.08173451879581968
AZ,hispanic,TRUE,2012-05-15,0.07637208710047116
AZ,hispanic,TRUE,2012-08-15,0.07215589316503465
CA,white,FALSE,2013-02-15,0.001449434183075323
CA,white,FALSE,2013-05-15,0.0011600066630140504
CA,white,FALSE,2013-08-15,0.0013027799932772575
CA,white,FALSE,2013-11-15,0.0013656262932067171
CA,white,FALSE,2014-02-15,0.0014562577383739953
CA,white,FALSE,2014-05-15,0.0012791559335191785
CA,white,FALSE,2014-08-15,0.0011535475925114813
CA,white,FALSE,2014-11-15,0.0014388051066162196
CA,white,FALSE,2015-02-15,0.0015238919659784356
CA,white,FALSE,2015-05-15,0.0013055661699146607
CA,white,FALSE,2015-08-15,0.0013226004000400505
CA,white,FALSE,2015-11-15,0.0013937712657537777
CA,white,TRUE,2011-02-15,0.001240780431908938
CA,white,TRUE,2011-05-15,0.0010999015165103678
CA,white,TRUE,2011-08-15,0.0010432104387279456
CA,white,TRUE,2011-11-15,0.001304206679954098
CA,white,TRUE,2012-02-15,0.0011321546652135815
CA,white,TRUE,2012-05-15,0.0011882972950601047
CA,white,TRUE,2012-08-15,0.0011067289883127899
CA,black,FALSE,2013-02-15,0.002974360121210766
CA,black,FALSE,2013-05-15,0.002154752365896442
CA,black,FALSE,2013-08-15,0.0018128851070964497
CA,black,FALSE,2013-11-15,0.0021637380282652514
CA,black,FALSE,2014-02-15,0.002254002798072439
CA,black,FALSE,2014-05-15,0.002330922428272718
CA,black,FALSE,2014-08-15,0.001944660517835315
CA,black,FALSE,2014-11-15,0.0024353666508581465
CA,black,FALSE,2015-02-15,0.002713689053670739
CA,black,FALSE,2015-05-15,0.0018415384100268976
CA,black,FALSE,2015-08-15,0.0017809235686968435
CA,black,FALSE,2015-11-15,0.002163128375840317
CA,black,TRUE,2011-02-15,0.002418590252113848
CA,black,TRUE,2011-05-15,0.0020302235161172933
CA,black,TRUE,2011-08-15,0.0018439703102154092
CA,black,TRUE,2011-11-15,0.0022310592366885295
CA,black,TRUE,2012-02-15,0.0022005501375343835
CA,black,TRUE,2012-05-15,0.002417779982021636
CA,black,TRUE,2012-08-15,0.002330901713644408
CA,hispanic,FALSE,2013-02-15,0.001909727657467149
CA,hispanic,FALSE,2013-05-15,0.0017622183597442909
CA,hispanic,FALSE,2013-08-15,0.0017972154730224845
CA,hispanic,FALSE,2013-11-15,0.001962865326896961
CA,hispanic,FALSE,2014-02-15,0.001967142359132133
CA,hispanic,FALSE,2014-05-15,0.0016494032875478495
CA,hispanic,FALSE,2014-08-15,0.0018814954784721284
CA,hispanic,FALSE,2014-11-15,0.0019349749043383194
CA,hispanic,FALSE,2015-02-15,0.0020244111891655992
CA,hispanic,FALSE,2015-05-15,0.001650975462897448
CA,hispanic,FALSE,2015-08-15,0.0018202993811535387
CA,hispanic,FALSE,2015-11-15,0.0017903620405752905
CA,hispanic,TRUE,2011-02-15,0.001700270203758989
CA,hispanic,TRUE,2011-05-15,0.0015387005018978924
CA,hispanic,TRUE,2011-08-15,0.0013729282466763409
CA,hispanic,TRUE,2011-11-15,0.0014814619898429072
CA,hispanic,TRUE,2012-02-15,0.0016310044226295472
CA,hispanic,TRUE,2012-05-15,0.0015899583715372053
CA,hispanic,TRUE,2012-08-15,0.00169111675387826
CO,white,FALSE,2013-02-15,0.00235647954358712
CO,white,FALSE,2013-05-15,0.0019327743304317498
CO,white,FALSE,2013-08-15,0.001605569764137539
CO,white,FALSE,2013-11-15,0.0013829020346313977
CO,white,FALSE,2014-02-15,0.001352609226831113
CO,white,FALSE,2014-05-15,0.0010252635453087621
CO,white,FALSE,2014-08-15,0.001226603670725059
CO,white,FALSE,2014-11-15,0.0013906181782901864
CO,white,FALSE,2015-02-15,0.0016659598958017811
CO,white,FALSE,2015-05-15,0.0012955605458628433
CO,white,FALSE,2015-08-15,0.0013772307513881036
CO,white,FALSE,2015-11-15,0.0015409999377373762
CO,white,TRUE,2011-02-15,0.004539843642847346
CO,white,TRUE,2011-05-15,0.0040153569793244335
CO,white,TRUE,2011-08-15,0.003562109099946154
CO,white,TRUE,2011-11-15,0.0037860720248032434
CO,white,TRUE,2012-02-15,0.004493098230553068
CO,white,TRUE,2012-05-15,0.004537498316951663
CO,white,TRUE,2012-08-15,0.0033160742335214383
CO,black,FALSE,2013-02-15,0.007407407407407408
CO,black,FALSE,2013-05-15,0.006165703275529865
CO,black,FALSE,2013-08-15,0.004553415061295972
CO,black,FALSE,2013-11-15,0.004819277108433735
CO,black,FALSE,2014-02-15,0.003632401017072285
CO,black,FALSE,2014-05-15,0.003514376996805112
CO,black,FALSE,2014-08-15,0.003537318712415989
CO,black,FALSE,2014-11-15,0.0018484288354898336
CO,black,FALSE,2015-02-15,0.006268436578171091
CO,black,FALSE,2015-05-15,0.005036937541974479
CO,black,FALSE,2015-08-15,0.0038822387576835974
CO,black,FALSE,2015-11-15,0.005143277002204262
CO,black,TRUE,2011-02-15,0.011823719097097814
CO,black,TRUE,2011-05-15,0.01056444310292786
CO,black,TRUE,2011-08-15,0.007801899592944369
CO,black,TRUE,2011-11-15,0.013549115543846444
CO,black,TRUE,2012-02-15,0.010997345468335229
CO,black,TRUE,2012-05-15,0.012036108324974924
CO,black,TRUE,2012-08-15,0.010748835542816195
CO,hispanic,FALSE,2013-02-15,0.00639638792211457
CO,hispanic,FALSE,2013-05-15,0.004490764277241145
CO,hispanic,FALSE,2013-08-15,0.00482151920148875
CO,hispanic,FALSE,2013-11-15,0.004027926960257788
CO,hispanic,FALSE,2014-02-15,0.0031877315413112776
CO,hispanic,FALSE,2014-05-15,0.0025071897352702604
CO,hispanic,FALSE,2014-08-15,0.0030944216776783474
CO,hispanic,FALSE,2014-11-15,0.0026930761879940925
CO,hispanic,FALSE,2015-02-15,0.005291005291005291
CO,hispanic,FALSE,2015-05-15,0.0035493827160493828
CO,hispanic,FALSE,2015-08-15,0.00412226802520028
CO,hispanic,FALSE,2015-11-15,0.005438939406815671
CO,hispanic,TRUE,2011-02-15,0.011921286845758145
CO,hispanic,TRUE,2011-05-15,0.00831515812431843
CO,hispanic,TRUE,2011-08-15,0.006497107994612154
CO,hispanic,TRUE,2011-11-15,0.007831968672125312
CO,hispanic,TRUE,2012-02-15,0.009344903213502431
CO,hispanic,TRUE,2012-05-15,0.007398079647410672
CO,hispanic,TRUE,2012-08-15,0.00945211208699289
FL,white,FALSE,2013-02-15,0.0029091191187308484
FL,white,FALSE,2013-05-15,0.0028394612304332
FL,white,FALSE,2013-08-15,0.003111393673178438
FL,white,FALSE,2013-11-15,0.0025923868476046873
FL,white,FALSE,2014-02-15,0.0025634692852093783
FL,white,FALSE,2014-05-15,0.0022789211540268773
FL,white,FALSE,2014-08-15,0.0022520736523242353
FL,white,FALSE,2014-11-15,0.0025685399398852355
FL,white,FALSE,2015-02-15,0.002657783117616005
FL,white,FALSE,2015-05-15,0.0022627493757155608
FL,white,FALSE,2015-08-15,0.0026582106265632685
FL,white,FALSE,2015-11-15,0.002848073745543091
FL,white,TRUE,2011-02-15,0.0034781057700882904
FL,white,TRUE,2011-05-15,0.003561887800534283
FL,white,TRUE,2011-08-15,0.0031304412255029083
FL,white,TRUE,2011-11-15,0.0033372318115825134
FL,white,TRUE,2012-02-15,0.0035564525610377396
FL,white,TRUE,2012-05-15,0.003060169259016947
FL,white,TRUE,2012-08-15,0.0025397301670649504
FL,black,FALSE,2013-02-15,0.007479664661701
FL,black,FALSE,2013-05-15,0.007761097832800709
FL,black,FALSE,2013-08-15,0.006348846437276798
FL,black,FALSE,2013-11-15,0.007361610352264558
FL,black,FALSE,2014-02-15,0.007888006461165702
FL,black,FALSE,2014-05-15,0.006170920136812648
FL,black,FALSE,2014-08-15,0.006827439363080911
FL,black,FALSE,2014-11-15,0.007631135030926179
FL,black,FALSE,2015-02-15,0.00962163567806527
FL,black,FALSE,2015-05-15,0.006615590417122705
FL,black,FALSE,2015-08-15,0.0068941372902808825
FL,black,FALSE,2015-11-15,0.009194944204053746
FL,black,TRUE,2011-02-15,0.007197751777930718
FL,black,TRUE,2011-05-15,0.008969323850971234
FL,black,TRUE,2011-08-15,0.008801930061772581
FL,black,TRUE,2011-11-15,0.009686714487155907
FL,black,TRUE,2012-02-15,0.008538170645237533
FL,black,TRUE,2012-05-15,0.007592426167529208
FL,black,TRUE,2012-08-15,0.006294559701971867
FL,hispanic,FALSE,2013-02-15,0.003811605405549484
FL,hispanic,FALSE,2013-05-15,0.0037479836796660026
FL,hispanic,FALSE,2013-08-15,0.0033735963008398604
FL,hispanic,FALSE,2013-11-15,0.002887934070578291
FL,hispanic,FALSE,2014-02-15,0.0036860315234843173
FL,hispanic,FALSE,2014-05-15,0.004389815627743635
FL,hispanic,FALSE,2014-08-15,0.002560433767602982
FL,hispanic,FALSE,2014-11-15,0.003956941667021231
FL,hispanic,FALSE,2015-02-15,0.003801367618465034
FL,hispanic,FALSE,2015-05-15,0.003326996197718631
FL,hispanic,FALSE,2015-08-15,0.0039430786853467265
FL,hispanic,FALSE,2015-11-15,0.004243891912628576
FL,hispanic,TRUE,2011-02-15,0.003369581865523051
FL,hispanic,TRUE,2011-05-15,0.0047377407950746735
FL,hispanic,TRUE,2011-08-15,0.004008306369826629
FL,hispanic,TRUE,2011-11-15,0.004103815439219166
FL,hispanic,TRUE,2012-02-15,0.004903986555362702
FL,hispanic,TRUE,2012-05-15,0.004145380236461831
FL,hispanic,TRUE,2012-08-15,0.0030119641910923947
MA,white,FALSE,2013-02-15,0.009663832975892095
MA,white,FALSE,2013-05-15,0.00720894518409463
MA,white,FALSE,2013-08-15,0.006233169758191287
MA,white,FALSE,2013-11-15,0.007107377297918896
MA,white,FALSE,2014-02-15,0.007063151866442219
MA,white,FALSE,2014-05-15,0.006206307177180964
MA,white,FALSE,2014-08-15,0.004109992502945271
MA,white,FALSE,2014-11-15,0.0042994098325633565
MA,white,FALSE,2015-02-15,0.0045819215982304306
MA,white,FALSE,2015-05-15,0.0038417368478617523
MA,white,FALSE,2015-08-15,0.004472401422159301
MA,white,FALSE,2015-11-15,0.0032916392363396972
MA,white,TRUE,2011-02-15,0.009887827170751973
MA,white,TRUE,2011-05-15,0.006973396118892655
MA,white,TRUE,2011-08-15,0.006895103991732334
MA,white,TRUE,2011-11-15,0.007509643963827231
MA,white,TRUE,2012-02-15,0.00807576846644962
MA,white,TRUE,2012-05-15,0.007648823543996232
MA,white,TRUE,2012-08-15,0.007917305481027214
MA,black,FALSE,2013-02-15,0.017076066112683773
MA,black,FALSE,2013-05-15,0.01188561215370867
MA,black,FALSE,2013-08-15,0.012587795311502326
MA,black,FALSE,2013-11-15,0.010653030787258976
MA,black,FALSE,2014-02-15,0.013794689044717784
MA,black,FALSE,2014-05-15,0.012833080830585509
MA,black,FALSE,2014-08-15,0.006274509803921568
MA,black,FALSE,2014-11-15,0.009260143198090692
MA,black,FALSE,2015-02-15,0.008832881874926393
MA,black,FALSE,2015-05-15,0.006953458186538105
MA,black,FALSE,2015-08-15,0.007171482809533854
MA,black,FALSE,2015-11-15,0.007267274195408928
MA,black,TRUE,2011-02-15,0.02096236303001429
MA,black,TRUE,2011-05-15,0.015730080930126525
MA,black,TRUE,2011-08-15,0.01644314868804665
MA,black,TRUE,2011-11-15,0.013852083835220429
MA,black,TRUE,2012-02-15,0.01701507049100632
MA,black,TRUE,2012-05-15,0.017215189873417722
MA,black,TRUE,2012-08-15,0.01481600773009099
MA,hispanic,FALSE,2013-02-15,0.021513151947934555
MA,hispanic,FALSE,2013-05-15,0.01602112676056338
MA,hispanic,FALSE,2013-08-15,0.013771285009770168
MA,hispanic,FALSE,2013-11-15,0.013875013875013876
MA,hispanic,FALSE,2014-02-15,0.016718551827510666
MA,hispanic,FALSE,2014-05-15,0.016674301420064132
MA,hispanic,FALSE,2014-08-15,0.012895137458583325
MA,hispanic,FALSE,2014-11-15,0.013568521031207599
MA,hispanic,FALSE,2015-02-15,0.015869140625
MA,hispanic,FALSE,2015-05-15,0.011742648509966449
MA,hispanic,FALSE,2015-08-15,0.012050832602979842
MA,hispanic,FALSE,2015-11-15,0.013660874775314559
MA,hispanic,TRUE,2011-02-15,0.024015748031496063
MA,hispanic,TRUE,2011-05-15,0.019233110164333538
MA,hispanic,TRUE,2011-08-15,0.0177491961414791
MA,hispanic,TRUE,2011-11-15,0.014332514332514333
MA,hispanic,TRUE,2012-02-15,0.02563554795983764
MA,hispanic,TRUE,2012-05-15,0.018601725377426312
MA,hispanic,TRUE,2012-08-15,0.016440923417667605
MT,white,FALSE,2013-02-15,0.0012763750947309641
MT,white,FALSE,2013-05-15,0.0023329566580395874
MT,white,FALSE,2013-08-15,0.0017697235691784942
MT,white,FALSE,2013-11-15,0.0021149539686489177
MT,white,FALSE,2014-02-15,0.0034235632446250057
MT,white,FALSE,2014-05-15,0.0023430962343096236
MT,white,FALSE,2014-08-15,0.0034263338228095936
MT,white,FALSE,2014-11-15,0.0031031448288638785
MT,white,FALSE,2015-02-15,0.0028215377380672465
MT,white,FALSE,2015-05-15,0.0036159243877989405
MT,white,FALSE,2015-08-15,0.0032622241771131147
MT,white,FALSE,2015-11-15,0.0037668082869782315
MT,white,TRUE,2011-02-15,0.0012489592006661116
MT,white,TRUE,2011-05-15,0.001587603988061218
MT,white,TRUE,2011-08-15,0.0015353121801432957
MT,white,TRUE,2011-11-15,0.001717018928089612
MT,white,TRUE,2012-02-15,0.0018175490158165435
MT,white,TRUE,2012-05-15,0.0015762601514580407
MT,white,TRUE,2012-08-15,0.0013859275053304905
MT,black,FALSE,2013-02-15,0.015810276679841896
MT,black,FALSE,2013-05-15,0
MT,black,FALSE,2013-08-15,0.00964630225080386
MT,black,FALSE,2013-11-15,0.025423728813559324
MT,black,FALSE,2014-02-15,0.017241379310344827
MT,black,FALSE,2014-05-15,0.005649717514124294
MT,black,FALSE,2014-08-15,0.01971830985915493
MT,black,FALSE,2014-11-15,0.006430868167202572
MT,black,FALSE,2015-02-15,0.008264462809917356
MT,black,FALSE,2015-05-15,0.019438444924406047
MT,black,FALSE,2015-08-15,0.01440329218106996
MT,black,FALSE,2015-11-15,0.018666666666666668
MT,black,TRUE,2011-02-15,0.010752688172043012
MT,black,TRUE,2011-05-15,0.0072992700729927005
MT,black,TRUE,2011-08-15,0.006872852233676976
MT,black,TRUE,2011-11-15,0.017857142857142856
MT,black,TRUE,2012-02-15,0.004901960784313725
MT,black,TRUE,2012-05-15,0.003194888178913738
MT,black,TRUE,2012-08-15,0
MT,hispanic,FALSE,2013-02-15,0.010507880910683012
MT,hispanic,FALSE,2013-05-15,0.009819967266775777
MT,hispanic,FALSE,2013-08-15,0.006379585326953748
MT,hispanic,FALSE,2013-11-15,0.013986013986013986
MT,hispanic,FALSE,2014-02-15,0.005194805194805195
MT,hispanic,FALSE,2014-05-15,0.01001669449081803
MT,hispanic,FALSE,2014-08-15,0.01353637901861252
MT,hispanic,FALSE,2014-11-15,0.01728395061728395
MT,hispanic,FALSE,2015-02-15,0.007590132827324478
MT,hispanic,FALSE,2015-05-15,0.004261363636363636
MT,hispanic,FALSE,2015-08-15,0.00823045267489712
MT,hispanic,FALSE,2015-11-15,0.014209591474245116
MT,hispanic,TRUE,2011-02-15,0.01583710407239819
MT,hispanic,TRUE,2011-05-15,0.020168067226890758
MT,hispanic,TRUE,2011-08-15,0.005376344086021506
MT,hispanic,TRUE,2011-11-15,0.008733624454148471
MT,hispanic,TRUE,2012-02-15,0.012658227848101266
MT,hispanic,TRUE,2012-05-15,0.0050335570469798654
MT,hispanic,TRUE,2012-08-15,0.003257328990228013
NC,white,FALSE,2013-02-15,0.0018159655712828677
NC,white,FALSE,2013-05-15,0.002183695661783558
NC,white,FALSE,2013-08-15,0.003513069262255455
NC,white,FALSE,2013-11-15,0.002705785606281667
NC,white,FALSE,2014-02-15,0.002322055690955497
NC,white,FALSE,2014-05-15,0.002336595017054458
NC,white,FALSE,2014-08-15,0.0022616579539931157
NC,white,FALSE,2014-11-15,0.0022347433752038805
NC,white,FALSE,2015-02-15,0.0022688887532303684
NC,white,FALSE,2015-05-15,0.0022094230950807287
NC,white,FALSE,2015-08-15,0.002259480319526509
NC,white,FALSE,2015-11-15,0.0021431927842022625
NC,white,TRUE,2011-02-15,0.0016191009140085805
NC,white,TRUE,2011-05-15,0.001491871392320348
NC,white,TRUE,2011-08-15,0.0014836585607098953
NC,white,TRUE,2011-11-15,0.0018679554234297252
NC,white,TRUE,2012-02-15,0.0013832708066983841
NC,white,TRUE,2012-05-15,0.0018206940226543273
NC,white,TRUE,2012-08-15,0.002185270182419149
NC,black,FALSE,2013-02-15,0.002295040163202856
NC,black,FALSE,2013-05-15,0.00307087858739585
NC,black,FALSE,2013-08-15,0.005579064822417314
NC,black,FALSE,2013-11-15,0.004933753358658389
NC,black,FALSE,2014-02-15,0.004725851148060174
NC,black,FALSE,2014-05-15,0.004047630253682873
NC,black,FALSE,2014-08-15,0.003365878725590956
NC,black,FALSE,2014-11-15,0.00331927628894028
NC,black,FALSE,2015-02-15,0.003687023656339701
NC,black,FALSE,2015-05-15,0.0029644494105306365
NC,black,FALSE,2015-08-15,0.003929319310133879
NC,black,FALSE,2015-11-15,0.004574166848181224
NC,black,TRUE,2011-02-15,0.0021913948619616897
NC,black,TRUE,2011-05-15,0.0021006433220173678
NC,black,TRUE,2011-08-15,0.001962836953677048
NC,black,TRUE,2011-11-15,0.002519888375192636
NC,black,TRUE,2012-02-15,0.0020027537864563774
NC,black,TRUE,2012-05-15,0.0023975755715820164
NC,black,TRUE,2012-08-15,0.002304732101323635
NC,hispanic,FALSE,2013-02-15,0.005079761162106764
NC,hispanic,FALSE,2013-05-15,0.0055880111760223524
NC,hispanic,FALSE,2013-08-15,0.006318541651536059
NC,hispanic,FALSE,2013-11-15,0.005025967498743508
NC,hispanic,FALSE,2014-02-15,0.004721881197469071
NC,hispanic,FALSE,2014-05-15,0.006624203821656051
NC,hispanic,FALSE,2014-08-15,0.0049460431654676255
NC,hispanic,FALSE,2014-11-15,0.006053144557299682
NC,hispanic,FALSE,2015-02-15,0.004660087719298245
NC,hispanic,FALSE,2015-05-15,0.004607928815444506
NC,hispanic,FALSE,2015-08-15,0.003978564468983436
NC,hispanic,FALSE,2015-11-15,0.0031209100976542837
NC,hispanic,TRUE,2011-02-15,0.0048144581882823495
NC,hispanic,TRUE,2011-05-15,0.004682900722504683
NC,hispanic,TRUE,2011-08-15,0.0045647421885045645
NC,hispanic,TRUE,2011-11-15,0.0035518721326032263
NC,hispanic,TRUE,2012-02-15,0.004281903692264495
NC,hispanic,TRUE,2012-05-15,0.00459674049310489
NC,hispanic,TRUE,2012-08-15,0.005994005994005994
OH,white,FALSE,2013-02-15,0.029564415055168967
OH,white,FALSE,2013-05-15,0.024561387321636995
OH,white,FALSE,2013-08-15,0.024709153104762373
OH,white,FALSE,2013-11-15,0.02994785059901339
OH,white,FALSE,2014-02-15,0.03198129328176994
OH,white,FALSE,2014-05-15,0.026556985466793703
OH,white,FALSE,2014-08-15,0.025133743396289404
OH,white,FALSE,2014-11-15,0.028952793871975236
OH,white,FALSE,2015-02-15,0.03500996074640765
OH,white,FALSE,2015-05-15,0.028535261851259458
OH,white,FALSE,2015-08-15,0.02404176684069517
OH,white,FALSE,2015-11-15,0.031164681062298336
OH,white,TRUE,2011-02-15,0.026528845664239523
OH,white,TRUE,2011-05-15,0.023875764544436046
OH,white,TRUE,2011-08-15,0.02189120620826027
OH,white,TRUE,2011-11-15,0.02628912176291758
OH,white,TRUE,2012-02-15,0.02749452375557066
OH,white,TRUE,2012-05-15,0.02435555722990855
OH,white,TRUE,2012-08-15,0.022796846011131727
OH,black,FALSE,2013-02-15,0.07233816766890697
OH,black,FALSE,2013-05-15,0.062148945088724324
OH,black,FALSE,2013-08-15,0.06235790841182202
OH,black,FALSE,2013-11-15,0.0794050014371946
OH,black,FALSE,2014-02-15,0.08699104822408317
OH,black,FALSE,2014-05-15,0.07523875432525952
OH,black,FALSE,2014-08-15,0.06839742935835968
OH,black,FALSE,2014-11-15,0.07980854458429357
OH,black,FALSE,2015-02-15,0.09157649351101214
OH,black,FALSE,2015-05-15,0.07345191040843214
OH,black,FALSE,2015-08-15,0.06126283816829262
OH,black,FALSE,2015-11-15,0.08614301025876589
OH,black,TRUE,2011-02-15,0.060598259795088295
OH,black,TRUE,2011-05-15,0.05190562613430127
OH,black,TRUE,2011-08-15,0.04982564377682403
OH,black,TRUE,2011-11-15,0.05865616108557671
OH,black,TRUE,2012-02-15,0.06200775596689721
OH,black,TRUE,2012-05-15,0.057166501158556766
OH,black,TRUE,2012-08-15,0.053456460948169346
OH,hispanic,FALSE,2013-02-15,0.06768660176170607
OH,hispanic,FALSE,2013-05-15,0.058963063368349715
OH,hispanic,FALSE,2013-08-15,0.06292366637194223
OH,hispanic,FALSE,2013-11-15,0.07687420584498093
OH,hispanic,FALSE,2014-02-15,0.07797752808988764
OH,hispanic,FALSE,2014-05-15,0.07375415282392027
OH,hispanic,FALSE,2014-08-15,0.05459206756145378
OH,hispanic,FALSE,2014-11-15,0.06679389312977099
OH,hispanic,FALSE,2015-02-15,0.07133392226148409
OH,hispanic,FALSE,2015-05-15,0.05964037742567207
OH,hispanic,FALSE,2015-08-15,0.05744234800838575
OH,hispanic,FALSE,2015-11-15,0.08175334840841886
OH,hispanic,TRUE,2011-02-15,0.07447413303013076
OH,hispanic,TRUE,2011-05-15,0.06708407871198568
OH,hispanic,TRUE,2011-08-15,0.05916515426497278
OH,hispanic,TRUE,2011-11-15,0.06551807813637467
OH,hispanic,TRUE,2012-02-15,0.07186999313344014
OH,hispanic,TRUE,2012-05-15,0.05525185474424053
OH,hispanic,TRUE,2012-08-15,0.05616959594129371
RI,white,FALSE,2013-02-15,0.017192784667418262
RI,white,FALSE,2013-05-15,0.01224373576309795
RI,white,FALSE,2013-08-15,0.0118967148844126
RI,white,FALSE,2013-11-15,0.01328556500970294
RI,white,FALSE,2014-02-15,0.01408288121897726
RI,white,FALSE,2014-05-15,0.01427103550633634
RI,white,FALSE,2014-08-15,0.013675003079955648
RI,white,FALSE,2014-11-15,0.013753581661891117
RI,white,FALSE,2015-02-15,0.014080195898377716
RI,white,FALSE,2015-05-15,0.01437528674109191
RI,white,FALSE,2015-08-15,0.014393499709808473
RI,white,FALSE,2015-11-15,0.009153318077803204
RI,white,TRUE,2011-02-15,0.018617021276595744
RI,white,TRUE,2011-05-15,0.01927252985884908
RI,white,TRUE,2011-08-15,0.01383587786259542
RI,white,TRUE,2011-11-15,0.014713035019455253
RI,white,TRUE,2012-02-15,0.015491745559815352
RI,white,TRUE,2012-05-15,0.012017887087758524
RI,white,TRUE,2012-08-15,0.010719592443218
RI,black,FALSE,2013-02-15,0.035691523263224986
RI,black,FALSE,2013-05-15,0.03141671606401897
RI,black,FALSE,2013-08-15,0.02664298401420959
RI,black,FALSE,2013-11-15,0.034274193548387094
RI,black,FALSE,2014-02-15,0.04030501089324619
RI,black,FALSE,2014-05-15,0.04417670682730924
RI,black,FALSE,2014-08-15,0.03937773456490034
RI,black,FALSE,2014-11-15,0.027348394768133173
RI,black,FALSE,2015-02-15,0.03553299492385787
RI,black,FALSE,2015-05-15,0.028635597978663673
RI,black,FALSE,2015-08-15,0.019001325673884226
RI,black,FALSE,2015-11-15,0.012827663134411601
RI,black,TRUE,2011-02-15,0.037481259370314844
RI,black,TRUE,2011-05-15,0.033797216699801194
RI,black,TRUE,2011-08-15,0.023920653442240373
RI,black,TRUE,2011-11-15,0.02443384982121573
RI,black,TRUE,2012-02-15,0.03259075907590759
RI,black,TRUE,2012-05-15,0.02556455048998722
RI,black,TRUE,2012-08-15,0.02242808386153096
RI,hispanic,FALSE,2013-02-15,0.022222222222222223
RI,hispanic,FALSE,2013-05-15,0.026991441737985518
RI,hispanic,FALSE,2013-08-15,0.022995283018867923
RI,hispanic,FALSE,2013-11-15,0.021739130434782608
RI,hispanic,FALSE,2014-02-15,0.029075804776739357
RI,hispanic,FALSE,2014-05-15,0.0451948051948052
RI,hispanic,FALSE,2014-08-15,0.04
RI,hispanic,FALSE,2014-11-15,0.029678982434887948
RI,hispanic,FALSE,2015-02-15,0.027577937649880094
RI,hispanic,FALSE,2015-05-15,0.030170049369171694
RI,hispanic,FALSE,2015-08-15,0.020556227327690448
RI,hispanic,FALSE,2015-11-15,0.021483375959079284
RI,hispanic,TRUE,2011-02-15,0.034378159757330634
RI,hispanic,TRUE,2011-05-15,0.025684931506849314
RI,hispanic,TRUE,2011-08-15,0.02451708766716196
RI,hispanic,TRUE,2011-11-15,0.014785992217898832
RI,hispanic,TRUE,2012-02-15,0.030399274047186932
RI,hispanic,TRUE,2012-05-15,0.030425963488843813
RI,hispanic,TRUE,2012-08-15,0.013888888888888888
SC,white,FALSE,2013-02-15,0.023423153941388105
SC,white,FALSE,2013-05-15,0.022896719982664945
SC,white,FALSE,2013-08-15,0.021603022029397463
SC,white,FALSE,2013-11-15,0.02310883515913658
SC,white,FALSE,2014-02-15,0.0271280621757832
SC,white,FALSE,2014-05-15,0.02353562934907073
SC,white,FALSE,2014-08-15,0.022700597070780953
SC,white,FALSE,2014-11-15,0.023365438044082237
SC,white,FALSE,2015-02-15,0.02362332713251097
SC,white,FALSE,2015-05-15,0.023923444976076555
SC,white,FALSE,2015-08-15,0.023507428950302885
SC,white,FALSE,2015-11-15,0.024991429145633594
SC,white,TRUE,2011-02-15,0.024141509507572507
SC,white,TRUE,2011-05-15,0.024150431440054267
SC,white,TRUE,2011-08-15,0.022153258534256384
SC,white,TRUE,2011-11-15,0.023867046241440332
SC,white,TRUE,2012-02-15,0.022723856828966296
SC,white,TRUE,2012-05-15,0.022599962751249984
SC,white,TRUE,2012-08-15,0.02362736593620682
SC,black,FALSE,2013-02-15,0.03225565035174375
SC,black,FALSE,2013-05-15,0.032532032443869756
SC,black,FALSE,2013-08-15,0.028332844222714298
SC,black,FALSE,2013-11-15,0.03235370311735414
SC,black,FALSE,2014-02-15,0.037434379446252476
SC,black,FALSE,2014-05-15,0.03128977184541363
SC,black,FALSE,2014-08-15,0.0335249330404165
SC,black,FALSE,2014-11-15,0.03073640317300018
SC,black,FALSE,2015-02-15,0.033688828379093864
SC,black,FALSE,2015-05-15,0.030047776797456342
SC,black,FALSE,2015-08-15,0.03214450501563648
SC,black,FALSE,2015-11-15,0.038151327610301454
SC,black,TRUE,2011-02-15,0.0317403335576995
SC,black,TRUE,2011-05-15,0.027753560011624528
SC,black,TRUE,2011-08-15,0.03141887814624596
SC,black,TRUE,2011-11-15,0.03332700203088702
SC,black,TRUE,2012-02-15,0.03433983017880857
SC,black,TRUE,2012-05-15,0.02934237288135593
SC,black,TRUE,2012-08-15,0.02876895321774338
SC,hispanic,FALSE,2013-02-15,0.0668309208500154
SC,hispanic,FALSE,2013-05-15,0.0687326181962654
SC,hispanic,FALSE,2013-08-15,0.06396219891667627
SC,hispanic,FALSE,2013-11-15,0.06099272680872783
SC,hispanic,FALSE,2014-02-15,0.07246169268222827
SC,hispanic,FALSE,2014-05-15,0.06330597889800703
SC,hispanic,FALSE,2014-08-15,0.06313015582034831
SC,hispanic,FALSE,2014-11-15,0.054596174282678
SC,hispanic,FALSE,2015-02-15,0.057327358987875596
SC,hispanic,FALSE,2015-05-15,0.06351230710368576
SC,hispanic,FALSE,2015-08-15,0.061678969097960716
SC,hispanic,FALSE,2015-11-15,0.06087824351297405
SC,hispanic,TRUE,2011-02-15,0.09548094630967559
SC,hispanic,TRUE,2011-05-15,0.08506493506493507
SC,hispanic,TRUE,2011-08-15,0.08441720860430216
SC,hispanic,TRUE,2011-11-15,0.08209978070175439
SC,hispanic,TRUE,2012-02-15,0.06780162842339008
SC,hispanic,TRUE,2012-05-15,0.06785486950986633
SC,hispanic,TRUE,2012-08-15,0.07258472432979261
TX,white,FALSE,2013-02-15,0.010243873126516102
TX,white,FALSE,2013-05-15,0.010591449188676803
TX,white,FALSE,2013-08-15,0.009242659253738359
TX,white,FALSE,2013-11-15,0.008767193032530799
TX,white,FALSE,2014-02-15,0.010548343674088285
TX,white,FALSE,2014-05-15,0.010024651407725125
TX,white,FALSE,2014-08-15,0.008477619597281006
TX,white,FALSE,2014-11-15,0.007475581680648579
TX,white,FALSE,2015-02-15,0.008563475686117435
TX,white,FALSE,2015-05-15,0.009163226261202296
TX,white,FALSE,2015-08-15,0.008307428210567512
TX,white,FALSE,2015-11-15,0.009058692362825516
TX,white,TRUE,2011-02-15,0.012452207767986199
TX,white,TRUE,2011-05-15,0.013357835107428565
TX,white,TRUE,2011-08-15,0.010832375450563828
TX,white,TRUE,2011-11-15,0.010106584125828093
TX,white,TRUE,2012-02-15,0.011916478752164651
TX,white,TRUE,2012-05-15,0.012072243927193577
TX,white,TRUE,2012-08-15,0.010627504256160686
TX,black,FALSE,2013-02-15,0.02790791395899451
TX,black,FALSE,2013-05-15,0.023358307624504186
TX,black,FALSE,2013-08-15,0.019422364493040318
TX,black,FALSE,2013-11-15,0.020762149339485083
TX,black,FALSE,2014-02-15,0.02640834332879302
TX,black,FALSE,2014-05-15,0.022825550399842038
TX,black,FALSE,2014-08-15,0.020610057708161583
TX,black,FALSE,2014-11-15,0.017035490605427975
TX,black,FALSE,2015-02-15,0.02021319151940137
TX,black,FALSE,2015-05-15,0.022151418601122744
TX,black,FALSE,2015-08-15,0.018655605190385026
TX,black,FALSE,2015-11-15,0.02175779429440479
TX,black,TRUE,2011-02-15,0.03435955090788683
TX,black,TRUE,2011-05-15,0.03423757631965376
TX,black,TRUE,2011-08-15,0.0260677445734043
TX,black,TRUE,2011-11-15,0.029111338100102146
TX,black,TRUE,2012-02-15,0.03293891387965317
TX,black,TRUE,2012-05-15,0.0301941049604601
TX,black,TRUE,2012-08-15,0.026873074321785526
TX,hispanic,FALSE,2013-02-15,0.01608012013345565
TX,hispanic,FALSE,2013-05-15,0.015797635824276235
TX,hispanic,FALSE,2013-08-15,0.015006920260737565
TX,hispanic,FALSE,2013-11-15,0.014194352431865141
TX,hispanic,FALSE,2014-02-15,0.014821137580507487
TX,hispanic,FALSE,2014-05-15,0.014196336591371643
TX,hispanic,FALSE,2014-08-15,0.014698442574348988
TX,hispanic,FALSE,2014-11-15,0.013095396635148932
TX,hispanic,FALSE,2015-02-15,0.01238479262672811
TX,hispanic,FALSE,2015-05-15,0.014392744479495269
TX,hispanic,FALSE,2015-08-15,0.012533818296119175
TX,hispanic,FALSE,2015-11-15,0.013839162322510975
TX,hispanic,TRUE,2011-02-15,0.022179353706085286
TX,hispanic,TRUE,2011-05-15,0.023315942326968053
TX,hispanic,TRUE,2011-08-15,0.019681594252645727
TX,hispanic,TRUE,2011-11-15,0.016913771333143254
TX,hispanic,TRUE,2012-02-15,0.01939876815279426
TX,hispanic,TRUE,2012-05-15,0.01839342485347279
TX,hispanic,TRUE,2012-08-15,0.016278739187431886
VT,white,FALSE,2013-02-15,0.012150762324897453
VT,white,FALSE,2013-05-15,0.010088723526044648
VT,white,FALSE,2013-08-15,0.007503066156842941
VT,white,FALSE,2013-11-15,0.011634056054997356
VT,white,FALSE,2014-02-15,0.013774104683195593
VT,white,FALSE,2014-05-15,0.012333965844402278
VT,white,FALSE,2014-08-15,0.009319379726529678
VT,white,FALSE,2014-11-15,0.01040143019665204
VT,white,FALSE,2015-02-15,0.010692506891654832
VT,white,FALSE,2015-05-15,0.00978314038806457
VT,white,FALSE,2015-08-15,0.009586578789694428
VT,white,FALSE,2015-11-15,0.01000243961941937
VT,white,TRUE,2011-02-15,0.009057333802321491
VT,white,TRUE,2011-05-15,0.006832639597895233
VT,white,TRUE,2011-08-15,0.006491063029162747
VT,white,TRUE,2011-11-15,0.011068803683697866
VT,white,TRUE,2012-02-15,0.009648174332529319
VT,white,TRUE,2012-05-15,0.008096834873640305
VT,white,TRUE,2012-08-15,0.008511617207269381
VT,black,FALSE,2013-02-15,0.05963302752293578
VT,black,FALSE,2013-05-15,0.03859649122807018
VT,black,FALSE,2013-08-15,0.040372670807453416
VT,black,FALSE,2013-11-15,0.05514705882352941
VT,black,FALSE,2014-02-15,0.07751937984496124
VT,black,FALSE,2014-05-15,0.082010582010582
VT,black,FALSE,2014-08-15,0.02967359050445104
VT,black,FALSE,2014-11-15,0.04482758620689655
VT,black,FALSE,2015-02-15,0.04017857142857143
VT,black,FALSE,2015-05-15,0.04986149584487535
VT,black,FALSE,2015-08-15,0.060836501901140684
VT,black,FALSE,2015-11-15,0.06866952789699571
VT,black,TRUE,2011-02-15,0.043478260869565216
VT,black,TRUE,2011-05-15,0.012295081967213115
VT,black,TRUE,2011-08-15,0.03543307086614173
VT,black,TRUE,2011-11-15,0.02912621359223301
VT,black,TRUE,2012-02-15,0.022727272727272728
VT,black,TRUE,2012-05-15,0.019455252918287938
VT,black,TRUE,2012-08-15,0.057692307692307696
VT,hispanic,FALSE,2013-02-15,0.0625
VT,hispanic,FALSE,2013-05-15,0.014084507042253521
VT,hispanic,FALSE,2013-08-15,0.056338028169014086
VT,hispanic,FALSE,2013-11-15,0.029411764705882353
VT,hispanic,FALSE,2014-02-15,0.07563025210084033
VT,hispanic,FALSE,2014-05-15,0.019867549668874173
VT,hispanic,FALSE,2014-08-15,0.035211267605633804
VT,hispanic,FALSE,2014-11-15,0.024390243902439025
VT,hispanic,FALSE,2015-02-15,0.0273972602739726
VT,hispanic,FALSE,2015-05-15,0.02127659574468085
VT,hispanic,FALSE,2015-08-15,0.051094890510948905
VT,hispanic,FALSE,2015-11-15,0.02857142857142857
VT,hispanic,TRUE,2011-02-15,0.012345679012345678
VT,hispanic,TRUE,2011-05-15,0.03636363636363636
VT,hispanic,TRUE,2011-08-15,0.037037037037037035
VT,hispanic,TRUE,2011-11-15,0.05747126436781609
VT,hispanic,TRUE,2012-02-15,0.03669724770642202
VT,hispanic,TRUE,2012-05-15,0.02586206896551724
VT,hispanic,TRUE,2012-08-15,0.03968253968253968
WA,white,FALSE,2013-02-15,9.510276693108965e-4
WA,white,FALSE,2013-05-15,8.726942342406962e-4
WA,white,FALSE,2013-08-15,9.868536989391323e-4
WA,white,FALSE,2013-11-15,8.114060507708358e-4
WA,white,FALSE,2014-02-15,0.0010957285055617455
WA,white,FALSE,2014-05-15,8.076680959224639e-4
WA,white,FALSE,2014-08-15,5.98028435287536e-4
WA,white,FALSE,2014-11-15,5.932480951174446e-4
WA,white,FALSE,2015-02-15,7.22160704828848e-4
WA,white,FALSE,2015-05-15,7.067564710501676e-4
WA,white,FALSE,2015-08-15,4.5175102626048355e-4
WA,white,FALSE,2015-11-15,7.372891353073021e-4
WA,white,TRUE,2011-02-15,0.002053618985618749
WA,white,TRUE,2011-05-15,0.002282808892578277
WA,white,TRUE,2011-08-15,0.001979840628298595
WA,white,TRUE,2011-11-15,0.0026951932745110873
WA,white,TRUE,2012-02-15,0.0027894176468024434
WA,white,TRUE,2012-05-15,0.0026336098263868278
WA,white,TRUE,2012-08-15,0.002404770009553196
WA,black,FALSE,2013-02-15,0.0014587892049598833
WA,black,FALSE,2013-05-15,0.001692365550959007
WA,black,FALSE,2013-08-15,0.0010695187165775401
WA,black,FALSE,2013-11-15,0.0019446245022687286
WA,black,FALSE,2014-02-15,8.488964346349745e-4
WA,black,FALSE,2014-05-15,0.0015764094955489614
WA,black,FALSE,2014-08-15,5.205080158234437e-4
WA,black,FALSE,2014-11-15,0.0014318442153493699
WA,black,FALSE,2015-02-15,0.0016117478510028654
WA,black,FALSE,2015-05-15,0.0012846865364850976
WA,black,FALSE,2015-08-15,9.646922631680494e-4
WA,black,FALSE,2015-11-15,7.165523595045552e-4
WA,black,TRUE,2011-02-15,0.004598375892769788
WA,black,TRUE,2011-05-15,0.004135079255685734
WA,black,TRUE,2011-08-15,0.003518373729476153
WA,black,TRUE,2011-11-15,0.005542193872215832
WA,black,TRUE,2012-02-15,0.00471253534401508
WA,black,TRUE,2012-05-15,0.005144868670457623
WA,black,TRUE,2012-08-15,0.003910978675854363
WA,hispanic,FALSE,2013-02-15,0.002669489575182952
WA,hispanic,FALSE,2013-05-15,0.0015402387370042356
WA,hispanic,FALSE,2013-08-15,0.002367358306642529
WA,hispanic,FALSE,2013-11-15,0.001541203101671242
WA,hispanic,FALSE,2014-02-15,0.0015687043482523653
WA,hispanic,FALSE,2014-05-15,0.0017450445210076514
WA,hispanic,FALSE,2014-08-15,9.668374746205163e-4
WA,hispanic,FALSE,2014-11-15,0.0015165958921916976
WA,hispanic,FALSE,2015-02-15,0.0011962252447831289
WA,hispanic,FALSE,2015-05-15,0.0010234105155430473
WA,hispanic,FALSE,2015-08-15,8.896380577796507e-4
WA,hispanic,FALSE,2015-11-15,0.0014110269140318787
WA,hispanic,TRUE,2011-02-15,0.003103501784513526
WA,hispanic,TRUE,2011-05-15,0.00378442458508116
WA,hispanic,TRUE,2011-08-15,0.0036142286475175957
WA,hispanic,TRUE,2011-11-15,0.00485411825458301
WA,hispanic,TRUE,2012-02-15,0.00439640012413365
WA,hispanic,TRUE,2012-05-15,0.003724216959511077
WA,hispanic,TRUE,2012-08-15,0.004381006218202374
WI,white,FALSE,2013-02-15,0.009167407812820688
WI,white,FALSE,2013-05-15,0.006586355620710901
WI,white,FALSE,2013-08-15,0.00670562760483364
WI,white,FALSE,2013-11-15,0.00675351097798751
WI,white,FALSE,2014-02-15,0.00820806340021385
WI,white,FALSE,2014-05-15,0.007473260809946065
WI,white,FALSE,2014-08-15,0.006598107025846378
WI,white,FALSE,2014-11-15,0.00728587319243604
WI,white,TRUE,2011-02-15,0.009546971617810665
WI,white,TRUE,2011-05-15,0.009390839971035481
WI,white,TRUE,2011-08-15,0.007506141388408698
WI,white,TRUE,2011-11-15,0.008321256603244355
WI,white,TRUE,2012-02-15,0.008262063729540227
WI,white,TRUE,2012-05-15,0.009210141598095318
WI,white,TRUE,2012-08-15,0.007912488605287147
WI,black,FALSE,2013-02-15,0.038525963149078725
WI,black,FALSE,2013-05-15,0.035736290819470114
WI,black,FALSE,2013-08-15,0.03188507358093903
WI,black,FALSE,2013-11-15,0.04329801934592354
WI,black,FALSE,2014-02-15,0.04909560723514212
WI,black,FALSE,2014-05-15,0.03200465522257783
WI,black,FALSE,2014-08-15,0.02721859937624043
WI,black,FALSE,2014-11-15,0.04591836734693878
WI,black,TRUE,2011-02-15,0.03917688959240206
WI,black,TRUE,2011-05-15,0.03656491110365649
WI,black,TRUE,2011-08-15,0.029875797247398455
WI,black,TRUE,2011-11-15,0.03225806451612903
WI,black,TRUE,2012-02-15,0.03320683111954459
WI,black,TRUE,2012-05-15,0.028483920367534457
WI,black,TRUE,2012-08-15,0.02701949860724234
WI,hispanic,FALSE,2013-02-15,0.015748031496062992
WI,hispanic,FALSE,2013-05-15,0.014049172102358254
WI,hispanic,FALSE,2013-08-15,0.01800327332242226
WI,hispanic,FALSE,2013-11-15,0.021156558533145273
WI,hispanic,FALSE,2014-02-15,0.029992684711046085
WI,hispanic,FALSE,2014-05-15,0.012711864406779662
WI,hispanic,FALSE,2014-08-15,0.01161751563896336
WI,hispanic,FALSE,2014-11-15,0.029345372460496615
WI,hispanic,TRUE,2011-02-15,0.018018018018018018
WI,hispanic,TRUE,2011-05-15,0.017791732077446363
WI,hispanic,TRUE,2011-08-15,0.01641025641025641
WI,hispanic,TRUE,2011-11-15,0.017816091954022988
WI,hispanic,TRUE,2012-02-15,0.015735214324470972
WI,hispanic,TRUE,2012-05-15,0.017952450266860747
WI,hispanic,TRUE,2012-08-15,0.014285714285714285
